Symbol,Company_Name,Sector,Industry,Market_Cap,Exchange
MMM,3M Company,Industrials,Conglomerates,80570941440,NYQ
AOS,A. O. Smith Corporation,Industrials,Specialty Industrial Machinery,10097767424,NYQ
ABT,Abbott Laboratories,Healthcare,Medical Devices,220159361024,NYQ
ABBV,AbbVie Inc.,Healthcare,Drug Manufacturers - General,336110583808,NYQ
ACN,Accenture plc,Technology,Information Technology Services,176360816640,NYQ
ADBE,Adobe Inc.,Technology,Software - Application,157267902464,NMS
AMD,"Advanced Micro Devices, Inc.",Technology,Semiconductors,269914472448,NMS
AES,The AES Corporation,Utilities,Utilities - Diversified,9824537600,NYQ
AFL,Aflac Incorporated,Financial Services,Insurance - Life,55886475264,NYQ
A,"Agilent Technologies, Inc.",Healthcare,Diagnostics & Research,34138931200,NYQ
APD,"Air Products and Chemicals, Inc.",Basic Materials,Specialty Chemicals,66594066432,NYQ
ABNB,"Airbnb, Inc.",Consumer Cyclical,Travel Services,87218364416,NMS
AKAM,"Akamai Technologies, Inc.",Technology,Software - Infrastructure,11493632000,NMS
ALB,Albemarle Corporation,Basic Materials,Specialty Chemicals,9852932096,NYQ
ARE,"Alexandria Real Estate Equities, Inc.",Real Estate,REIT - Office,14031558656,NYQ
ALGN,"Align Technology, Inc.",Healthcare,Medical Instruments & Supplies,14899975168,NMS
ALLE,Allegion plc,Industrials,Security & Protection Services,14198152192,NYQ
LNT,Alliant Energy Corporation,Utilities,Utilities - Regulated Electric,16681528320,NMS
ALL,The Allstate Corporation,Financial Services,Insurance - Property & Casualty,51824881664,NYQ
GOOGL,Alphabet Inc.,Communication Services,Internet Content & Information,2341206228992,NMS
GOOG,Alphabet Inc.,Communication Services,Internet Content & Information,2341206491136,NMS
MO,"Altria Group, Inc.",Consumer Defensive,Tobacco,100797489152,NYQ
AMZN,"Amazon.com, Inc.",Consumer Cyclical,Internet Retail,2457059721216,NMS
AMCR,Amcor plc,Consumer Cyclical,Packaging & Containers,22317651968,NYQ
AEE,Ameren Corporation,Utilities,Utilities - Regulated Electric,27138310144,NYQ
AEP,"American Electric Power Company, Inc.",Utilities,Utilities - Regulated Electric,58649272320,NMS
AXP,American Express Company,Financial Services,Credit Services,216843780096,NYQ
AIG,"American International Group, Inc.",Financial Services,Insurance - Diversified,46164029440,NYQ
AMT,American Tower Corporation,Real Estate,REIT - Specialty,107610873856,NYQ
AWK,"American Water Works Company, Inc.",Utilities,Utilities - Regulated Water,27364085760,NYQ
AMP,"Ameriprise Financial, Inc.",Financial Services,Asset Management,49188065280,NYQ
AME,"AMETEK, Inc.",Industrials,Specialty Industrial Machinery,41578999808,NYQ
AMGN,Amgen Inc.,Healthcare,Drug Manufacturers - General,164849893376,NMS
APH,Amphenol Corporation,Technology,Electronic Components,127032188928,NYQ
ADI,"Analog Devices, Inc.",Technology,Semiconductors,113055219712,NMS
AON,Aon plc,Financial Services,Insurance Brokers,80521871360,NYQ
APA,APA Corporation,Energy,Oil & Gas E&P,6892139520,NMS
APO,"Apollo Global Management, Inc.",Financial Services,Asset Management,86369894400,NYQ
AAPL,Apple Inc.,Technology,Consumer Electronics,3194468958208,NMS
AMAT,"Applied Materials, Inc.",Technology,Semiconductor Equipment & Materials,149015855104,NMS
APTV,Aptiv PLC,Consumer Cyclical,Auto Parts,15439235072,NYQ
ACGL,Arch Capital Group Ltd.,Financial Services,Insurance - Diversified,33311973376,NMS
ADM,Archer-Daniels-Midland Company,Consumer Defensive,Farm Products,26592905216,NYQ
ANET,Arista Networks Inc,Technology,Computer Hardware,143526543360,NYQ
AJG,Arthur J. Gallagher & Co.,Financial Services,Insurance Brokers,80692543488,NYQ
AIZ,"Assurant, Inc.",Financial Services,Insurance - Property & Casualty,9444824064,NYQ
T,AT&T Inc.,Communication Services,Telecom Services,200210907136,NYQ
ATO,Atmos Energy Corporation,Utilities,Utilities - Regulated Gas,24911992832,NYQ
ADSK,"Autodesk, Inc.",Technology,Software - Application,64885235712,NMS
ADP,"Automatic Data Processing, Inc.",Technology,Software - Application,125280018432,NMS
AZO,"AutoZone, Inc.",Consumer Cyclical,Auto Parts,63918854144,NYQ
AVB,"AvalonBay Communities, Inc.",Real Estate,REIT - Residential,28722743296,NYQ
AVY,Avery Dennison Corporation,Consumer Cyclical,Packaging & Containers,13898839040,NYQ
AXON,"Axon Enterprise, Inc.",Industrials,Aerospace & Defense,57221115904,NMS
BKR,Baker Hughes Company,Energy,Oil & Gas Equipment & Services,45399728128,NMS
BALL,Ball Corporation,Consumer Cyclical,Packaging & Containers,16370435072,NYQ
BAC,Bank of America Corporation,Financial Services,Banks - Diversified,360307163136,NYQ
BAX,Baxter International Inc.,Healthcare,Medical Instruments & Supplies,14994973696,NYQ
BDX,"Becton, Dickinson and Company",Healthcare,Medical Instruments & Supplies,53114011648,NYQ
BRK-B,Berkshire Hathaway Inc.,Financial Services,Insurance - Diversified,1044361641984,NYQ
BBY,"Best Buy Co., Inc.",Consumer Cyclical,Specialty Retail,14253242368,NYQ
TECH,Bio-Techne Corporation,Healthcare,Biotechnology,9214764032,NMS
BIIB,Biogen Inc.,Healthcare,Drug Manufacturers - General,19271362560,NMS
BLK,"BlackRock, Inc.",Financial Services,Asset Management,173883752448,NYQ
BX,Blackstone Inc.,Financial Services,Asset Management,219087945728,NYQ
XYZ,"Block, Inc.",Technology,Software - Infrastructure,49656635392,NYQ
BK,The Bank of New York Mellon Corporation,Financial Services,Banks - Diversified,71172923392,NYQ
BA,The Boeing Company,Industrials,Aerospace & Defense,175728640000,NYQ
BKNG,Booking Holdings Inc.,Consumer Cyclical,Travel Services,183275749376,NMS
BSX,Boston Scientific Corporation,Healthcare,Medical Devices,157028827136,NYQ
BMY,Bristol-Myers Squibb Company,Healthcare,Drug Manufacturers - General,98558918656,NYQ
AVGO,Broadcom Inc.,Technology,Semiconductors,1364852867072,NMS
BR,"Broadridge Financial Solutions, Inc.",Technology,Information Technology Services,29799188480,NYQ
BRO,"Brown & Brown, Inc.",Financial Services,Insurance Brokers,34096480256,NYQ
BF-B,Brown-Forman Corporation,Consumer Defensive,Beverages - Wineries & Distilleries,14599219200,NYQ
BLDR,"Builders FirstSource, Inc.",Industrials,Building Products & Equipment,15080878080,NYQ
BG,Bunge Global SA,Consumer Defensive,Farm Products,15455311872,NYQ
BXP,"BXP, Inc.",Real Estate,REIT - Office,12690148352,NYQ
CHRW,"C.H. Robinson Worldwide, Inc.",Industrials,Integrated Freight & Logistics,12194861056,NMS
CDNS,"Cadence Design Systems, Inc.",Technology,Software - Application,90701815808,NMS
CZR,"Caesars Entertainment, Inc.",Consumer Cyclical,Resorts & Casinos,6147533824,NMS
CPT,Camden Property Trust,Real Estate,REIT - Residential,12130386944,NYQ
CPB,The Campbell's Company,Consumer Defensive,Packaged Foods,9736925184,NMS
COF,Capital One Financial Corporation,Financial Services,Credit Services,136117583872,NYQ
CAH,"Cardinal Health, Inc.",Healthcare,Medical Distribution,37505703936,NYQ
KMX,"CarMax, Inc.",Consumer Cyclical,Auto & Truck Dealerships,9112372224,NYQ
CCL,Carnival Corporation & plc,Consumer Cyclical,Travel Services,40337428480,NYQ
CARR,Carrier Global Corporation,Industrials,Building Products & Equipment,68866080768,NYQ
CAT,Caterpillar Inc.,Industrials,Farm & Heavy Construction Machinery,203999133696,NYQ
CBOE,"Cboe Global Markets, Inc.",Financial Services,Financial Data & Stock Exchanges,25812801536,BTS
CBRE,"CBRE Group, Inc.",Real Estate,Real Estate Services,43991355392,NYQ
CDW,CDW Corporation,Technology,Information Technology Services,23853420544,NMS
COR,"Cencora, Inc.",Healthcare,Medical Distribution,56278446080,NYQ
CNC,Centene Corporation,Healthcare,Healthcare Plans,13943265280,NYQ
CNP,"CenterPoint Energy, Inc.",Utilities,Utilities - Regulated Electric,25043902464,NYQ
CF,"CF Industries Holdings, Inc.",Basic Materials,Agricultural Inputs,15115533312,NYQ
CRL,"Charles River Laboratories International, Inc.",Healthcare,Diagnostics & Research,8690040832,NYQ
SCHW,The Charles Schwab Corporation,Financial Services,Capital Markets,176355098624,NYQ
CHTR,"Charter Communications, Inc.",Communication Services,Telecom Services,42309066752,NMS
CVX,Chevron Corporation,Energy,Oil & Gas Integrated,314825310208,NYQ
CMG,"Chipotle Mexican Grill, Inc.",Consumer Cyclical,Restaurants,62699544576,NYQ
CB,Chubb Limited,Financial Services,Insurance - Property & Casualty,107299602432,NYQ
CHD,"Church & Dwight Co., Inc.",Consumer Defensive,Household & Personal Products,23945512960,NYQ
CI,The Cigna Group,Healthcare,Healthcare Plans,79173173248,NYQ
CINF,Cincinnati Financial Corporation,Financial Services,Insurance - Property & Casualty,23351816192,NMS
CTAS,Cintas Corporation,Industrials,Specialty Business Services,90083057664,NMS
CSCO,"Cisco Systems, Inc.",Technology,Communication Equipment,272012410880,NMS
C,Citigroup Inc.,Financial Services,Banks - Diversified,176855252992,NYQ
CFG,"Citizens Financial Group, Inc.",Financial Services,Banks - Regional,21417738240,NYQ
CLX,The Clorox Company,Consumer Defensive,Household & Personal Products,16122724352,NYQ
CME,CME Group Inc.,Financial Services,Financial Data & Stock Exchanges,100744224768,NMS
CMS,CMS Energy Corporation,Utilities,Utilities - Regulated Electric,21770244096,NYQ
KO,The Coca-Cola Company,Consumer Defensive,Beverages - Non-Alcoholic,297684828160,NYQ
CTSH,Cognizant Technology Solutions Corporation,Technology,Information Technology Services,37793861632,NMS
COIN,"Coinbase Global, Inc.",Financial Services,Financial Data & Stock Exchanges,99757760512,NMS
CL,Colgate-Palmolive Company,Consumer Defensive,Household & Personal Products,71260225536,NYQ
CMCSA,Comcast Corporation,Communication Services,Telecom Services,125751017472,NMS
CAG,"Conagra Brands, Inc.",Consumer Defensive,Packaged Foods,9171680256,NYQ
COP,ConocoPhillips,Energy,Oil & Gas E&P,119865827328,NYQ
ED,"Consolidated Edison, Inc.",Utilities,Utilities - Regulated Electric,36843868160,NYQ
STZ,"Constellation Brands, Inc.",Consumer Defensive,Beverages - Brewers,30947860480,NYQ
CEG,Constellation Energy Corporation,Utilities,Utilities - Renewable,102597050368,NMS
COO,"The Cooper Companies, Inc.",Healthcare,Medical Instruments & Supplies,14881673216,NMS
CPRT,"Copart, Inc.",Industrials,Specialty Business Services,45146238976,NMS
GLW,Corning Incorporated,Technology,Electronic Components,47414235136,NYQ
CPAY,"Corpay, Inc.",Technology,Software - Infrastructure,23676618752,NYQ
CTVA,"Corteva, Inc.",Basic Materials,Agricultural Inputs,50091741184,NYQ
CSGP,"CoStar Group, Inc.",Real Estate,Real Estate Services,39386738688,NMS
COST,Costco Wholesale Corporation,Consumer Defensive,Discount Stores,414866538496,NMS
CTRA,Coterra Energy Inc.,Energy,Oil & Gas E&P,18035857408,NYQ
CRWD,"CrowdStrike Holdings, Inc.",Technology,Software - Infrastructure,116628127744,NMS
CCI,Crown Castle Inc.,Real Estate,REIT - Specialty,48544972800,NYQ
CSX,CSX Corporation,Industrials,Railroads,66666651648,NMS
CMI,Cummins Inc.,Industrials,Specialty Industrial Machinery,50903228416,NYQ
CVS,CVS Health Corporation,Healthcare,Healthcare Plans,76786720768,NYQ
DHR,Danaher Corporation,Healthcare,Diagnostics & Research,147134349312,NYQ
DRI,"Darden Restaurants, Inc.",Consumer Cyclical,Restaurants,23931111424,NYQ
DDOG,"Datadog, Inc.",Technology,Software - Application,51747692544,NMS
DVA,DaVita Inc.,Healthcare,Medical Care Facilities,10971512832,NYQ
DAY,Dayforce Inc,Technology,Software - Application,9592859648,NYQ
DECK,Deckers Outdoor Corporation,Consumer Cyclical,Footwear & Accessories,17461596160,NYQ
DE,Deere & Company,Industrials,Farm & Heavy Construction Machinery,140120473600,NYQ
DELL,Dell Technologies Inc.,Technology,Computer Hardware,88754847744,NYQ
DAL,"Delta Air Lines, Inc.",Industrials,Airlines,35820724224,NYQ
DVN,Devon Energy Corporation,Energy,Oil & Gas E&P,21150771200,NYQ
DXCM,"DexCom, Inc.",Healthcare,Medical Devices,34893602816,NMS
FANG,"Diamondback Energy, Inc.",Energy,Oil & Gas E&P,42250416128,NMS
DLR,"Digital Realty Trust, Inc.",Real Estate,REIT - Specialty,61685133312,NYQ
DG,Dollar General Corporation,Consumer Defensive,Discount Stores,23670837248,NYQ
DLTR,"Dollar Tree, Inc.",Consumer Defensive,Discount Stores,23876911104,NMS
D,"Dominion Energy, Inc.",Utilities,Utilities - Regulated Electric,50101469184,NYQ
DPZ,"Domino's Pizza, Inc.",Consumer Cyclical,Restaurants,16483209216,NMS
DASH,"DoorDash, Inc.",Consumer Cyclical,Internet Retail,105902096384,NMS
DOV,Dover Corporation,Industrials,Specialty Industrial Machinery,25575491584,NYQ
DOW,Dow Inc.,Basic Materials,Chemicals,18082611200,NYQ
DHI,"D.R. Horton, Inc.",Consumer Cyclical,Residential Construction,43323383808,NYQ
DTE,DTE Energy Company,Utilities,Utilities - Regulated Electric,28933953536,NYQ
DUK,Duke Energy Corporation,Utilities,Utilities - Regulated Electric,93216432128,NYQ
DD,"DuPont de Nemours, Inc.",Basic Materials,Specialty Chemicals,31709669376,NYQ
EMN,Eastman Chemical Company,Basic Materials,Specialty Chemicals,9041672192,NYQ
ETN,Eaton Corporation plc,Industrials,Specialty Industrial Machinery,153456132096,NYQ
EBAY,eBay Inc.,Consumer Cyclical,Internet Retail,37526528000,NMS
ECL,Ecolab Inc.,Basic Materials,Specialty Chemicals,77044654080,NYQ
EIX,Edison International,Utilities,Utilities - Regulated Electric,20373254144,NYQ
EW,Edwards Lifesciences Corporation,Healthcare,Medical Devices,46927998976,NYQ
EA,Electronic Arts Inc.,Communication Services,Electronic Gaming & Multimedia,38112935936,NMS
ELV,"Elevance Health, Inc.",Healthcare,Healthcare Plans,65098960896,NYQ
EMR,Emerson Electric Co.,Industrials,Specialty Industrial Machinery,84166868992,NYQ
ENPH,"Enphase Energy, Inc.",Technology,Solar,4629893120,NGM
ETR,Entergy Corporation,Utilities,Utilities - Regulated Electric,39348895744,NYQ
EOG,"EOG Resources, Inc.",Energy,Oil & Gas E&P,64615723008,NYQ
EPAM,"EPAM Systems, Inc.",Technology,Information Technology Services,9672882176,NYQ
EQT,EQT Corporation,Energy,Oil & Gas E&P,32569534464,NYQ
EFX,Equifax Inc.,Industrials,Consulting Services,30338492416,NYQ
EQIX,"Equinix, Inc.",Real Estate,REIT - Specialty,78395080704,NMS
EQR,Equity Residential,Real Estate,REIT - Residential,26382632960,NYQ
ERIE,Erie Indemnity Company,Financial Services,Insurance Brokers,18599518208,NMS
ESS,"Essex Property Trust, Inc.",Real Estate,REIT - Residential,19821377536,NYQ
EL,The Est√©e Lauder Companies Inc.,Consumer Defensive,Household & Personal Products,32521580544,NYQ
EG,"Everest Group, Ltd.",Financial Services,Insurance - Reinsurance,14328238080,NYQ
EVRG,"Evergy, Inc.",Utilities,Utilities - Regulated Electric,16060353536,NMS
ES,Eversource Energy,Utilities,Utilities - Regulated Electric,24475189248,NYQ
EXC,Exelon Corporation,Utilities,Utilities - Regulated Electric,44409663488,NMS
EXE,Expand Energy Corporation,Energy,Oil & Gas E&P,23362398208,NMS
EXPE,"Expedia Group, Inc.",Consumer Cyclical,Travel Services,23814848512,NMS
EXPD,"Expeditors International of Washington, Inc.",Industrials,Integrated Freight & Logistics,15981831168,NYQ
EXR,Extra Space Storage Inc.,Real Estate,REIT - Industrial,33425295360,NYQ
XOM,Exxon Mobil Corporation,Energy,Oil & Gas Integrated,475784282112,NYQ
FFIV,"F5, Inc.",Technology,Software - Infrastructure,17193297920,NMS
FDS,FactSet Research Systems Inc.,Financial Services,Financial Data & Stock Exchanges,15861465088,NYQ
FICO,Fair Isaac Corporation,Technology,Software - Application,37304143872,NYQ
FAST,Fastenal Company,Industrials,Industrial Distribution,54799814656,NMS
FRT,Federal Realty Investment Trust,Real Estate,REIT - Retail,8186430976,NYQ
FDX,FedEx Corporation,Industrials,Integrated Freight & Logistics,57370636288,NYQ
FIS,"Fidelity National Information Services, Inc.",Technology,Information Technology Services,43050868736,NYQ
FITB,Fifth Third Bancorp,Financial Services,Banks - Regional,28604696576,NMS
FSLR,"First Solar, Inc.",Technology,Solar,19874459648,NMS
FE,FirstEnergy Corp.,Utilities,Utilities - Regulated Electric,24205920256,NYQ
FI,"Fiserv, Inc.",Technology,Information Technology Services,77206519808,NYQ
F,Ford Motor Company,Consumer Cyclical,Auto Manufacturers,45611028480,NYQ
FTNT,"Fortinet, Inc.",Technology,Software - Infrastructure,80230907904,NMS
FTV,Fortive Corporation,Technology,Scientific & Technical Instruments,17510719488,NYQ
FOXA,Fox Corporation,Communication Services,Entertainment,24407994368,NMS
FOX,Fox Corporation,Communication Services,Entertainment,24407951360,NMS
BEN,"Franklin Resources, Inc.",Financial Services,Asset Management,13043430400,NYQ
FCX,Freeport-McMoRan Inc.,Basic Materials,Copper,62846001152,NYQ
GRMN,Garmin Ltd.,Technology,Scientific & Technical Instruments,45368434688,NYQ
IT,"Gartner, Inc.",Technology,Information Technology Services,27449475072,NYQ
GE,GE Aerospace,Industrials,Aerospace & Defense,288004898816,NYQ
GEHC,GE HealthCare Technologies Inc.,Healthcare,Health Information Services,35536453632,NMS
GEV,GE Vernova Inc.,Industrials,Specialty Industrial Machinery,175472869376,NYQ
GEN,Gen Digital Inc.,Technology,Software - Infrastructure,18985240576,NMS
GNRC,Generac Holdings Inc.,Industrials,Specialty Industrial Machinery,9273448448,NYQ
GD,General Dynamics Corporation,Industrials,Aerospace & Defense,84469178368,NYQ
GIS,"General Mills, Inc.",Consumer Defensive,Packaged Foods,27701798912,NYQ
GM,General Motors Company,Consumer Cyclical,Auto Manufacturers,50840969216,NYQ
GPC,Genuine Parts Company,Consumer Cyclical,Auto Parts,18596599808,NYQ
GILD,"Gilead Sciences, Inc.",Healthcare,Drug Manufacturers - General,144544661504,NMS
GPN,Global Payments Inc.,Industrials,Specialty Business Services,20915148800,NYQ
GL,Globe Life Inc.,Financial Services,Insurance - Life,11154022400,NYQ
GDDY,GoDaddy Inc.,Technology,Software - Infrastructure,23648733184,NYQ
GS,"The Goldman Sachs Group, Inc.",Financial Services,Capital Markets,223680937984,NYQ
HAL,Halliburton Company,Energy,Oil & Gas Equipment & Services,19140915200,NYQ
HIG,"The Hartford Insurance Group, Inc.",Financial Services,Insurance - Property & Casualty,35044106240,NYQ
HAS,"Hasbro, Inc.",Consumer Cyclical,Leisure,10506871808,NMS
HCA,"HCA Healthcare, Inc.",Healthcare,Medical Care Facilities,80428703744,NYQ
DOC,"Healthpeak Properties, Inc.",Real Estate,REIT - Healthcare Facilities,12230520832,NYQ
HSIC,"Henry Schein, Inc.",Healthcare,Medical Distribution,8932856832,NMS
HSY,The Hershey Company,Consumer Defensive,Confectioners,37911261184,NYQ
HPE,Hewlett Packard Enterprise Company,Technology,Communication Equipment,27202320384,NYQ
HLT,Hilton Worldwide Holdings Inc.,Consumer Cyclical,Lodging,64360837120,NYQ
HOLX,"Hologic, Inc.",Healthcare,Medical Instruments & Supplies,14819191808,NMS
HD,"The Home Depot, Inc.",Consumer Cyclical,Home Improvement Retail,373436284928,NYQ
HON,Honeywell International Inc.,Industrials,Conglomerates,142369308672,NMS
HRL,Hormel Foods Corporation,Consumer Defensive,Packaged Foods,16078928896,NYQ
HST,"Host Hotels & Resorts, Inc.",Real Estate,REIT - Hotel & Motel,11636503552,NMS
HWM,Howmet Aerospace Inc.,Industrials,Aerospace & Defense,76504293376,NYQ
HPQ,HP Inc.,Technology,Computer Hardware,24120530944,NYQ
HUBB,Hubbell Incorporated,Industrials,Electrical Equipment & Parts,23619510272,NYQ
HUM,Humana Inc.,Healthcare,Healthcare Plans,28722520064,NYQ
HBAN,Huntington Bancshares Incorporated,Financial Services,Banks - Regional,24685588480,NMS
HII,"Huntington Ingalls Industries, Inc.",Industrials,Aerospace & Defense,10391299072,NYQ
IBM,International Business Machines Corporation,Technology,Information Technology Services,241934106624,NYQ
IEX,IDEX Corporation,Industrials,Specialty Industrial Machinery,14027877376,NYQ
IDXX,"IDEXX Laboratories, Inc.",Healthcare,Diagnostics & Research,45453656064,NMS
ITW,Illinois Tool Works Inc.,Industrials,Specialty Industrial Machinery,76773892096,NYQ
INCY,Incyte Corporation,Healthcare,Biotechnology,13588613120,NMS
IR,Ingersoll Rand Inc.,Industrials,Specialty Industrial Machinery,35613679616,NYQ
PODD,Insulet Corporation,Healthcare,Medical Devices,20424202240,NMS
INTC,Intel Corporation,Technology,Semiconductors,90603905024,NMS
ICE,"Intercontinental Exchange, Inc.",Financial Services,Financial Data & Stock Exchanges,105799581696,NYQ
IFF,International Flavors & Fragrances Inc.,Basic Materials,Specialty Chemicals,19601186816,NYQ
IP,International Paper Company,Consumer Cyclical,Packaging & Containers,29393584128,NYQ
IPG,"The Interpublic Group of Companies, Inc.",Communication Services,Advertising Agencies,9541228544,NYQ
INTU,Intuit Inc.,Technology,Software - Application,219238400000,NMS
ISRG,"Intuitive Surgical, Inc.",Healthcare,Medical Instruments & Supplies,177754390528,NMS
IVZ,Invesco Ltd.,Financial Services,Asset Management,9727259648,NYQ
INVH,Invitation Homes Inc.,Real Estate,REIT - Residential,19559202816,NYQ
IQV,IQVIA Holdings Inc.,Healthcare,Diagnostics & Research,33858899968,NYQ
IRM,Iron Mountain Incorporated,Real Estate,REIT - Specialty,29309669376,NYQ
JBHT,"J.B. Hunt Transport Services, Inc.",Industrials,Integrated Freight & Logistics,14453102592,NMS
JBL,Jabil Inc.,Technology,Electronic Components,23883843584,NYQ
JKHY,"Jack Henry & Associates, Inc.",Technology,Information Technology Services,12841102336,NMS
J,Jacobs Solutions Inc.,Industrials,Engineering & Construction,17236377600,NYQ
JNJ,Johnson & Johnson,Healthcare,Drug Manufacturers - General,405323612160,NYQ
JCI,Johnson Controls International plc,Industrials,Building Products & Equipment,73523593216,NYQ
JPM,JPMorgan Chase & Co.,Financial Services,Banks - Diversified,829891805184,NYQ
K,Kellanova,Consumer Defensive,Packaged Foods,27696142336,NYQ
KVUE,Kenvue Inc.,Consumer Defensive,Household & Personal Products,43850743808,NYQ
KDP,Keurig Dr Pepper Inc.,Consumer Defensive,Beverages - Non-Alcoholic,45195296768,NMS
KEY,KeyCorp,Financial Services,Banks - Regional,20658196480,NYQ
KEYS,"Keysight Technologies, Inc.",Technology,Scientific & Technical Instruments,28647540736,NYQ
KMB,Kimberly-Clark Corporation,Consumer Defensive,Household & Personal Products,42266722304,NMS
KIM,Kimco Realty Corporation,Real Estate,REIT - Retail,14734083072,NYQ
KMI,"Kinder Morgan, Inc.",Energy,Oil & Gas Midstream,60862771200,NYQ
KKR,KKR & Co. Inc.,Financial Services,Asset Management,140779962368,NYQ
KLAC,KLA Corporation,Technology,Semiconductor Equipment & Materials,119293288448,NMS
KHC,The Kraft Heinz Company,Consumer Defensive,Packaged Foods,33943926784,NMS
KR,The Kroger Co.,Consumer Defensive,Grocery Stores,47246204928,NYQ
LHX,"L3Harris Technologies, Inc.",Industrials,Aerospace & Defense,50380943360,NYQ
LH,Labcorp Holdings Inc.,Healthcare,Diagnostics & Research,21965182976,NYQ
LRCX,Lam Research Corporation,Technology,Semiconductor Equipment & Materials,124023472128,NMS
LW,"Lamb Weston Holdings, Inc.",Consumer Defensive,Packaged Foods,8477858304,NYQ
LVS,Las Vegas Sands Corp.,Consumer Cyclical,Resorts & Casinos,37034373120,NYQ
LDOS,"Leidos Holdings, Inc.",Technology,Information Technology Services,21013377024,NYQ
LEN,Lennar Corporation,Consumer Cyclical,Residential Construction,29729882112,NYQ
LII,Lennox International Inc.,Industrials,Building Products & Equipment,23210840064,NYQ
LLY,Eli Lilly and Company,Healthcare,Drug Manufacturers - General,729581092864,NYQ
LIN,Linde plc,Basic Materials,Specialty Chemicals,222600675328,NMS
LYV,"Live Nation Entertainment, Inc.",Communication Services,Entertainment,35475021824,NYQ
LKQ,LKQ Corporation,Consumer Cyclical,Auto Parts,8277114880,NMS
LMT,Lockheed Martin Corporation,Industrials,Aerospace & Defense,98328453120,NYQ
L,Loews Corporation,Financial Services,Insurance - Property & Casualty,19220826112,NYQ
LOW,"Lowe's Companies, Inc.",Consumer Cyclical,Home Improvement Retail,127107342336,NYQ
LULU,lululemon athletica inc.,Consumer Cyclical,Apparel Retail,26298904576,NMS
LYB,LyondellBasell Industries N.V.,Basic Materials,Specialty Chemicals,20572815360,NYQ
MTB,M&T Bank Corporation,Financial Services,Banks - Regional,31103186944,NYQ
MPC,Marathon Petroleum Corporation,Energy,Oil & Gas Refining & Marketing,52708712448,NYQ
MKTX,MarketAxess Holdings Inc.,Financial Services,Capital Markets,7929734144,NMS
MAR,"Marriott International, Inc.",Consumer Cyclical,Lodging,76447105024,NMS
MMC,"Marsh & McLennan Companies, Inc.",Financial Services,Insurance Brokers,103437688832,NYQ
MLM,"Martin Marietta Materials, Inc.",Basic Materials,Building Materials,35310964736,NYQ
MAS,Masco Corporation,Industrials,Building Products & Equipment,14291320832,NYQ
MA,Mastercard Incorporated,Financial Services,Credit Services,515990323200,NYQ
MTCH,"Match Group, Inc.",Communication Services,Internet Content & Information,8474976256,NMS
MKC,"McCormick & Company, Incorporated",Consumer Defensive,Packaged Foods,19207600128,NYQ
MCD,McDonald's Corporation,Consumer Cyclical,Restaurants,213415903232,NYQ
MCK,McKesson Corporation,Healthcare,Medical Distribution,88909168640,NYQ
MDT,Medtronic plc,Healthcare,Medical Devices,119080312832,NYQ
MRK,"Merck & Co., Inc.",Healthcare,Drug Manufacturers - General,212709343232,NYQ
META,"Meta Platforms, Inc.",Communication Services,Internet Content & Information,1791912706048,NMS
MET,"MetLife, Inc.",Financial Services,Insurance - Life,52737167360,NYQ
MTD,Mettler-Toledo International Inc.,Healthcare,Diagnostics & Research,26269251584,NYQ
MGM,MGM Resorts International,Consumer Cyclical,Resorts & Casinos,10461407232,NYQ
MCHP,Microchip Technology Incorporated,Technology,Semiconductors,37350907904,NMS
MU,"Micron Technology, Inc.",Technology,Semiconductors,124514402304,NMS
MSFT,Microsoft Corporation,Technology,Software - Infrastructure,3818170351616,NMS
MAA,"Mid-America Apartment Communities, Inc.",Real Estate,REIT - Residential,18215892992,NYQ
MRNA,"Moderna, Inc.",Healthcare,Biotechnology,13207240704,NMS
MHK,"Mohawk Industries, Inc.",Consumer Cyclical,"Furnishings, Fixtures & Appliances",7559236096,NYQ
MOH,"Molina Healthcare, Inc.",Healthcare,Healthcare Plans,8944083968,NYQ
TAP,Molson Coors Beverage Company,Consumer Defensive,Beverages - Brewers,10358449152,NYQ
MDLZ,"Mondelez International, Inc.",Consumer Defensive,Confectioners,91388395520,NMS
MPWR,"Monolithic Power Systems, Inc.",Technology,Semiconductors,34218878976,NMS
MNST,Monster Beverage Corporation,Consumer Defensive,Beverages - Non-Alcoholic,59158421504,NMS
MCO,Moody's Corporation,Financial Services,Financial Data & Stock Exchanges,92002205696,NYQ
MS,Morgan Stanley,Financial Services,Capital Markets,229433786368,NYQ
MOS,The Mosaic Company,Basic Materials,Agricultural Inputs,11705824256,NYQ
MSI,"Motorola Solutions, Inc.",Technology,Communication Equipment,71440048128,NYQ
MSCI,MSCI Inc.,Financial Services,Financial Data & Stock Exchanges,42263834624,NYQ
NDAQ,"Nasdaq, Inc.",Financial Services,Financial Data & Stock Exchanges,54418714624,NMS
NTAP,"NetApp, Inc.",Technology,Computer Hardware,21026408448,NMS
NFLX,"Netflix, Inc.",Communication Services,Entertainment,501620899840,NMS
NEM,Newmont Corporation,Basic Materials,Gold,72223088640,NYQ
NWSA,News Corporation,Communication Services,Entertainment,17471807488,NMS
NWS,News Corporation,Communication Services,Entertainment,17471801344,NMS
NEE,"NextEra Energy, Inc.",Utilities,Utilities - Regulated Electric,147959988224,NYQ
NKE,"NIKE, Inc.",Consumer Cyclical,Footwear & Accessories,112643153920,NYQ
NI,NiSource Inc.,Utilities,Utilities - Regulated Gas,19854252032,NYQ
NDSN,Nordson Corporation,Industrials,Specialty Industrial Machinery,12479425536,NMS
NSC,Norfolk Southern Corporation,Industrials,Railroads,63660875776,NYQ
NTRS,Northern Trust Corporation,Financial Services,Asset Management,24866025472,NMS
NOC,Northrop Grumman Corporation,Industrials,Aerospace & Defense,81577082880,NYQ
NCLH,Norwegian Cruise Line Holdings Ltd.,Consumer Cyclical,Travel Services,10642942976,NYQ
NRG,"NRG Energy, Inc.",Utilities,Utilities - Independent Power Producers,30614910976,NYQ
NUE,Nucor Corporation,Basic Materials,Steel,33650419712,NYQ
NVDA,NVIDIA Corporation,Technology,Semiconductors,4231248740352,NMS
NVR,"NVR, Inc.",Consumer Cyclical,Residential Construction,21637226496,NYQ
NXPI,NXP Semiconductors N.V.,Technology,Semiconductors,56294760448,NMS
ORLY,"O'Reilly Automotive, Inc.",Consumer Cyclical,Auto Parts,83065790464,NMS
OXY,Occidental Petroleum Corporation,Energy,Oil & Gas E&P,44000583680,NYQ
ODFL,"Old Dominion Freight Line, Inc.",Industrials,Trucking,35310292992,NMS
OMC,Omnicom Group Inc.,Communication Services,Advertising Agencies,14815936512,NYQ
ON,ON Semiconductor Corporation,Technology,Semiconductors,23786012672,NMS
OKE,"ONEOK, Inc.",Energy,Oil & Gas Midstream,50932494336,NYQ
ORCL,Oracle Corporation,Technology,Software - Infrastructure,688500375552,NYQ
OTIS,Otis Worldwide Corporation,Industrials,Specialty Industrial Machinery,35240333312,NYQ
PCAR,PACCAR Inc,Industrials,Farm & Heavy Construction Machinery,53320085504,NMS
PKG,Packaging Corporation of America,Consumer Cyclical,Packaging & Containers,18583568384,NYQ
PLTR,Palantir Technologies Inc.,Technology,Software - Infrastructure,374753689600,NMS
PANW,"Palo Alto Networks, Inc.",Technology,Software - Infrastructure,135540441088,NMS
PARA,Paramount Global,Communication Services,Entertainment,9210885120,NMS
PH,Parker-Hannifin Corporation,Industrials,Specialty Industrial Machinery,94404943872,NYQ
PAYX,"Paychex, Inc.",Technology,Software - Application,53312512000,NMS
PAYC,"Paycom Software, Inc.",Technology,Software - Application,13376978944,NYQ
PYPL,"PayPal Holdings, Inc.",Financial Services,Credit Services,75838128128,NMS
PNR,Pentair plc,Industrials,Specialty Industrial Machinery,16898009088,NYQ
PEP,"PepsiCo, Inc.",Consumer Defensive,Beverages - Non-Alcoholic,196394532864,NMS
PFE,Pfizer Inc.,Healthcare,Drug Manufacturers - General,140940328960,NYQ
PCG,PG&E Corporation,Utilities,Utilities - Regulated Electric,30943336448,NYQ
PM,Philip Morris International Inc.,Consumer Defensive,Tobacco,250486456320,NYQ
PSX,Phillips 66,Energy,Oil & Gas Refining & Marketing,50917400576,NYQ
PNW,Pinnacle West Capital Corporation,Utilities,Utilities - Regulated Electric,10854563840,NYQ
PNC,"The PNC Financial Services Group, Inc.",Financial Services,Banks - Regional,77240950784,NYQ
POOL,Pool Corporation,Industrials,Industrial Distribution,12214680576,NMS
PPG,"PPG Industries, Inc.",Basic Materials,Specialty Chemicals,26317752320,NYQ
PPL,PPL Corporation,Utilities,Utilities - Regulated Electric,27034884096,NYQ
PFG,"Principal Financial Group, Inc.",Financial Services,Asset Management,18170681344,NMS
PG,The Procter & Gamble Company,Consumer Defensive,Household & Personal Products,371140689920,NYQ
PGR,The Progressive Corporation,Financial Services,Insurance - Property & Casualty,146614632448,NYQ
PLD,"Prologis, Inc.",Real Estate,REIT - Industrial,102340960256,NYQ
PRU,"Prudential Financial, Inc.",Financial Services,Insurance - Life,37245075456,NYQ
PEG,Public Service Enterprise Group Incorporated,Utilities,Utilities - Regulated Electric,43702247424,NYQ
PTC,PTC Inc.,Technology,Software - Application,24530565120,NMS
PSA,Public Storage,Real Estate,REIT - Industrial,50482028544,NYQ
PHM,"PulteGroup, Inc.",Consumer Cyclical,Residential Construction,22955622400,NYQ
PWR,"Quanta Services, Inc.",Industrials,Engineering & Construction,62492557312,NYQ
QCOM,QUALCOMM Incorporated,Technology,Semiconductors,173923188736,NMS
DGX,Quest Diagnostics Incorporated,Healthcare,Diagnostics & Research,18847766528,NYQ
RL,Ralph Lauren Corporation,Consumer Cyclical,Apparel Manufacturing,18064687104,NYQ
RJF,"Raymond James Financial, Inc.",Financial Services,Asset Management,33706000384,NYQ
RTX,RTX Corporation,Industrials,Aerospace & Defense,209990172672,NYQ
O,Realty Income Corporation,Real Estate,REIT - Retail,52288331776,NYQ
REG,Regency Centers Corporation,Real Estate,REIT - Retail,12999105536,NMS
REGN,"Regeneron Pharmaceuticals, Inc.",Healthcare,Biotechnology,60795088896,NMS
RF,Regions Financial Corporation,Financial Services,Banks - Regional,23749730304,NYQ
RSG,"Republic Services, Inc.",Industrials,Waste Management,76611764224,NYQ
RMD,ResMed Inc.,Healthcare,Medical Instruments & Supplies,40345886720,NYQ
RVTY,"Revvity, Inc.",Healthcare,Diagnostics & Research,12219582464,NYQ
ROK,"Rockwell Automation, Inc.",Industrials,Specialty Industrial Machinery,40410939392,NYQ
ROL,"Rollins, Inc.",Consumer Cyclical,Personal Services,28152737792,NYQ
ROP,"Roper Technologies, Inc.",Technology,Software - Application,60534173696,NMS
ROST,"Ross Stores, Inc.",Consumer Cyclical,Apparel Retail,45243731968,NMS
RCL,Royal Caribbean Cruises Ltd.,Consumer Cyclical,Travel Services,95806365696,NYQ
SPGI,S&P Global Inc.,Financial Services,Financial Data & Stock Exchanges,164060086272,NYQ
CRM,"Salesforce, Inc.",Technology,Software - Application,257269153792,NYQ
SBAC,SBA Communications Corporation,Real Estate,REIT - Specialty,25133533184,NMS
SLB,Schlumberger Limited,Energy,Oil & Gas Equipment & Services,52909539328,NYQ
STX,Seagate Technology Holdings plc,Technology,Computer Hardware,32021422080,NMS
SRE,Sempra,Utilities,Utilities - Diversified,52708376576,NYQ
NOW,"ServiceNow, Inc.",Technology,Software - Application,201042329600,NYQ
SHW,The Sherwin-Williams Company,Basic Materials,Specialty Chemicals,84798152704,NYQ
SPG,"Simon Property Group, Inc.",Real Estate,REIT - Retail,63023697920,NYQ
SWKS,"Skyworks Solutions, Inc.",Technology,Semiconductors,10738726912,NMS
SJM,The J. M. Smucker Company,Consumer Defensive,Packaged Foods,11630689280,NYQ
SW,Smurfit Westrock Plc,Consumer Cyclical,Packaging & Containers,25500334080,NYQ
SNA,Snap-on Incorporated,Industrials,Tools & Accessories,17228005376,NYQ
SOLV,Solventum Corporation,Healthcare,Medical Instruments & Supplies,12932720640,NYQ
SO,The Southern Company,Utilities,Utilities - Regulated Electric,104903106560,NYQ
LUV,Southwest Airlines Co.,Industrials,Airlines,17441492992,NYQ
SWK,"Stanley Black & Decker, Inc.",Industrials,Tools & Accessories,11433290752,NYQ
SBUX,Starbucks Corporation,Consumer Cyclical,Restaurants,107298889728,NMS
STT,State Street Corporation,Financial Services,Asset Management,32248514560,NYQ
STLD,"Steel Dynamics, Inc.",Basic Materials,Steel,19422236672,NMS
STE,STERIS plc,Healthcare,Medical Devices,22670581760,NYQ
SYK,Stryker Corporation,Healthcare,Medical Devices,154215038976,NYQ
SMCI,"Super Micro Computer, Inc.",Technology,Computer Hardware,32508676096,NMS
SYF,Synchrony Financial,Financial Services,Credit Services,27123027968,NYQ
SNPS,"Synopsys, Inc.",Technology,Software - Infrastructure,111313215488,NMS
SYY,Sysco Corporation,Consumer Defensive,Food Distribution,38925586432,NYQ
TMUS,"T-Mobile US, Inc.",Communication Services,Telecom Services,274096046080,NMS
TROW,"T. Rowe Price Group, Inc.",Financial Services,Asset Management,23558389760,NMS
TTWO,"Take-Two Interactive Software, Inc.",Communication Services,Electronic Gaming & Multimedia,41103855616,NMS
TPR,"Tapestry, Inc.",Consumer Cyclical,Luxury Goods,22501134336,NYQ
TRGP,Targa Resources Corp.,Energy,Oil & Gas Midstream,35923939328,NYQ
TGT,Target Corporation,Consumer Defensive,Discount Stores,48185516032,NYQ
TEL,TE Connectivity plc,Technology,Electronic Components,61552467968,NYQ
TDY,Teledyne Technologies Incorporated,Technology,Scientific & Technical Instruments,26048616448,NYQ
TER,"Teradyne, Inc.",Technology,Semiconductor Equipment & Materials,14461862912,NMS
TSLA,"Tesla, Inc.",Consumer Cyclical,Auto Manufacturers,1019435745280,NMS
TXN,Texas Instruments Incorporated,Technology,Semiconductors,168155922432,NMS
TPL,Texas Pacific Land Corporation,Energy,Oil & Gas E&P,22511233024,NYQ
TXT,Textron Inc.,Industrials,Aerospace & Defense,14167297024,NYQ
TMO,Thermo Fisher Scientific Inc.,Healthcare,Diagnostics & Research,180562935808,NYQ
TJX,"The TJX Companies, Inc.",Consumer Cyclical,Apparel Retail,141058998272,NYQ
TKO,"TKO Group Holdings, Inc.",Communication Services,Entertainment,13901163520,NYQ
TTD,"The Trade Desk, Inc.",Communication Services,Advertising Agencies,42115997696,NGM
TSCO,Tractor Supply Company,Consumer Cyclical,Specialty Retail,31456946176,NMS
TT,Trane Technologies plc,Industrials,Building Products & Equipment,105280110592,NYQ
TDG,TransDigm Group Incorporated,Industrials,Aerospace & Defense,90285801472,NYQ
TRV,"The Travelers Companies, Inc.",Financial Services,Insurance - Property & Casualty,58771226624,NYQ
TRMB,Trimble Inc.,Technology,Scientific & Technical Instruments,20337156096,NMS
TFC,Truist Financial Corporation,Financial Services,Banks - Regional,59780501504,NYQ
TYL,"Tyler Technologies, Inc.",Technology,Software - Application,23996504064,NYQ
TSN,"Tyson Foods, Inc.",Consumer Defensive,Farm Products,19215259648,NYQ
USB,U.S. Bancorp,Financial Services,Banks - Regional,72167948288,NYQ
UBER,"Uber Technologies, Inc.",Technology,Software - Application,190902910976,NYQ
UDR,"UDR, Inc.",Real Estate,REIT - Residential,15234408448,NYQ
ULTA,"Ulta Beauty, Inc.",Consumer Cyclical,Specialty Retail,23144736768,NMS
UNP,Union Pacific Corporation,Industrials,Railroads,133280702464,NYQ
UAL,"United Airlines Holdings, Inc.",Industrials,Airlines,29495222272,NMS
UPS,"United Parcel Service, Inc.",Industrials,Integrated Freight & Logistics,87694401536,NYQ
URI,"United Rentals, Inc.",Industrials,Rental & Leasing Services,57263669248,NYQ
UNH,UnitedHealth Group Incorporated,Healthcare,Healthcare Plans,254960762880,NYQ
UHS,"Universal Health Services, Inc.",Healthcare,Medical Care Facilities,10026927104,NYQ
VLO,Valero Energy Corporation,Energy,Oil & Gas Refining & Marketing,44103266304,NYQ
VTR,"Ventas, Inc.",Real Estate,REIT - Healthcare Facilities,29998448640,NYQ
VLTO,Veralto Corporation,Industrials,Pollution & Treatment Controls,25599082496,NYQ
VRSN,"VeriSign, Inc.",Technology,Software - Infrastructure,28560787456,NMS
VRSK,"Verisk Analytics, Inc.",Industrials,Consulting Services,41679835136,NMS
VZ,Verizon Communications Inc.,Communication Services,Telecom Services,181639069696,NYQ
VRTX,Vertex Pharmaceuticals Incorporated,Healthcare,Biotechnology,120604704768,NMS
VTRS,Viatris Inc.,Healthcare,Drug Manufacturers - Specialty & Generic,11044328448,NMS
VICI,VICI Properties Inc.,Real Estate,REIT - Diversified,35272982528,NYQ
V,Visa Inc.,Financial Services,Credit Services,697477693440,NYQ
VST,Vistra Corp.,Utilities,Utilities - Independent Power Producers,65219608576,NYQ
VMC,Vulcan Materials Company,Basic Materials,Building Materials,36306141184,NYQ
WRB,W. R. Berkley Corporation,Financial Services,Insurance - Property & Casualty,26173769728,NYQ
GWW,"W.W. Grainger, Inc.",Industrials,Industrial Distribution,50634276864,NYQ
WAB,Westinghouse Air Brake Technologies Corporation,Industrials,Railroads,33713641472,NYQ
WBA,"Walgreens Boots Alliance, Inc.",Healthcare,Pharmaceutical Retailers,10049163264,NMS
WMT,Walmart Inc.,Consumer Defensive,Discount Stores,777851568128,NYQ
DIS,The Walt Disney Company,Communication Services,Entertainment,218372702208,NYQ
WBD,"Warner Bros. Discovery, Inc.",Communication Services,Entertainment,33375203328,NMS
WM,"Waste Management, Inc.",Industrials,Waste Management,92421046272,NYQ
WAT,Waters Corporation,Healthcare,Diagnostics & Research,18028281856,NYQ
WEC,"WEC Energy Group, Inc.",Utilities,Utilities - Regulated Electric,34951557120,NYQ
WFC,Wells Fargo & Company,Financial Services,Banks - Diversified,274392465408,NYQ
WELL,Welltower Inc.,Real Estate,REIT - Healthcare Facilities,105652486144,NYQ
WST,"West Pharmaceutical Services, Inc.",Healthcare,Medical Instruments & Supplies,18948292608,NYQ
WDC,Western Digital Corporation,Technology,Computer Hardware,24009785344,NMS
WY,Weyerhaeuser Company,Real Estate,REIT - Specialty,19106971648,NYQ
WSM,"Williams-Sonoma, Inc.",Consumer Cyclical,Specialty Retail,22349967360,NYQ
WMB,"The Williams Companies, Inc.",Energy,Oil & Gas Midstream,70598803456,NYQ
WTW,Willis Towers Watson Public Limited Company,Financial Services,Insurance Brokers,31044792320,NMS
WDAY,"Workday, Inc.",Technology,Software - Application,64446918656,NMS
WYNN,"Wynn Resorts, Limited",Consumer Cyclical,Resorts & Casinos,11442390016,NMS
XEL,Xcel Energy Inc.,Utilities,Utilities - Regulated Electric,41907458048,NMS
XYL,Xylem Inc.,Industrials,Specialty Industrial Machinery,32261044224,NYQ
YUM,"Yum! Brands, Inc.",Consumer Cyclical,Restaurants,40777461760,NYQ
ZBRA,Zebra Technologies Corporation,Technology,Communication Equipment,17071280128,NMS
ZBH,"Zimmer Biomet Holdings, Inc.",Healthcare,Medical Devices,19300073472,NYQ
ZTS,Zoetis Inc.,Healthcare,Drug Manufacturers - Specialty & Generic,67725037568,NYQ
